Workbook

Sheet Gantt
A1: Zespół: Kamil Żero | Marek Najbuk | Marek Palinowski
A2: Harmonogram Gantta — projekt „Informator dla Wędkarza”
A3: Metodologia Tworzenia Projektów Informatycznych | WSE Białystok | Zaliczenie projektu: 28.06.2026
A4: ID | B4: Etap | C4: Zadanie | D4: Odpowiedzialny | E4: Start | F4: Koniec | G4: Czas [dni] | H4: Status | I4: % | J4: Kamień milowy | K4: 46154 | L4: 46155 | M4: 46156 | N4: 46157 | O4: 46158 | P4: 46159 | Q4: 46160 | R4: 46161 | S4: 46162 | T4: 46163 | U4: 46164 | V4: 46165 | W4: 46166 | X4: 46167 | Y4: 46168 | Z4: 46169 | AA4: 46170 | AB4: 46171 | AC4: 46172 | AD4: 46173 | AE4: 46174 | AF4: 46175 | AG4: 46176 | AH4: 46177 | AI4: 46178 | AJ4: 46179 | AK4: 46180 | AL4: 46181 | AM4: 46182 | AN4: 46183 | AO4: 46184 | AP4: 46185 | AQ4: 46186 | AR4: 46187 | AS4: 46188 | AT4: 46189 | AU4: 46190 | AV4: 46191 | AW4: 46192 | AX4: 46193 | AY4: 46194 | AZ4: 46195 | BA4: 46196 | BB4: 46197 | BC4: 46198 | BD4: 46199 | BE4: 46200 | BF4: 46201
A6: 1 | B6: Analiza | C6: Analiza wymagań projektu | D6: Cały zespół | E6: 46154 | F6: 46155 | G6: 2 | H6: Zakończone | I6: 1 | K6: =IF(AND(K$4>=$E6,K$4<=$F6),IF($J6="TAK","◆",""),"") | L6: =IF(AND(L$4>=$E6,L$4<=$F6),IF($J6="TAK","◆",""),"") | M6: =IF(AND(M$4>=$E6,M$4<=$F6),IF($J6="TAK","◆",""),"") | N6: =IF(AND(N$4>=$E6,N$4<=$F6),IF($J6="TAK","◆",""),"") | O6: =IF(AND(O$4>=$E6,O$4<=$F6),IF($J6="TAK","◆",""),"") | P6: =IF(AND(P$4>=$E6,P$4<=$F6),IF($J6="TAK","◆",""),"") | Q6: =IF(AND(Q$4>=$E6,Q$4<=$F6),IF($J6="TAK","◆",""),"") | R6: =IF(AND(R$4>=$E6,R$4<=$F6),IF($J6="TAK","◆",""),"") | ... AP6: =IF(AND(AP$4>=$E6,AP$4<=$F6),IF($J6="TAK","◆",""),"") | AR6: =IF(AND(AR$4>=$E6,AR$4<=$F6),IF($J6="TAK","◆",""),"") | AS6: =IF(AND(AS$4>=$E6,AS$4<=$F6),IF($J6="TAK","◆",""),"") | AT6: =IF(AND(AT$4>=$E6,AT$4<=$F6),IF($J6="TAK","◆",""),"") | AU6: =IF(AND(AU$4>=$E6,AU$4<=$F6),IF($J6="TAK","◆",""),"") | AV6: =IF(AND(AV$4>=$E6,AV$4<=$F6),IF($J6="TAK","◆",""),"") | AW6: =IF(AND(AW$4>=$E6,AW$4<=$F6),IF($J6="TAK","◆",""),"") | AX6: =IF(AND(AX$4>=$E6,AX$4<=$F6),IF($J6="TAK","◆",""),"") | AY6: =IF(AND(AY$4>=$E6,AY$4<=$F6),IF($J6="TAK","◆",""),"") | ... BF6: =IF(AND(BF$4>=$E6,BF$4<=$F6),IF($J6="TAK","◆",""),"")
A7: 2 | B7: Analiza | C7: Opracowanie koncepcji aplikacji | D7: Cały zespół | E7: 46155 | F7: 46156 | G7: 2 | H7: Zakończone | I7: 1 | K7: =IF(AND(K$4>=$E7,K$4<=$F7),IF($J7="TAK","◆",""),"") | L7: =IF(AND(L$4>=$E7,L$4<=$F7),IF($J7="TAK","◆",""),"") | M7: =IF(AND(M$4>=$E7,M$4<=$F7),IF($J7="TAK","◆",""),"") | N7: =IF(AND(N$4>=$E7,N$4<=$F7),IF($J7="TAK","◆",""),"") | O7: =IF(AND(O$4>=$E7,O$4<=$F7),IF($J7="TAK","◆",""),"") | P7: =IF(AND(P$4>=$E7,P$4<=$F7),IF($J7="TAK","◆",""),"") | Q7: =IF(AND(Q$4>=$E7,Q$4<=$F7),IF($J7="TAK","◆",""),"") | R7: =IF(AND(R$4>=$E7,R$4<=$F7),IF($J7="TAK","◆",""),"") | ... AP7: =IF(AND(AP$4>=$E7,AP$4<=$F7),IF($J7="TAK","◆",""),"") | AT7: =IF(AND(AT$4>=$E7,AT$4<=$F7),IF($J7="TAK","◆",""),"") | AU7: =IF(AND(AU$4>=$E7,AU$4<=$F7),IF($J7="TAK","◆",""),"") | AV7: =IF(AND(AV$4>=$E7,AV$4<=$F7),IF($J7="TAK","◆",""),"") | AW7: =IF(AND(AW$4>=$E7,AW$4<=$F7),IF($J7="TAK","◆",""),"") | AX7: =IF(AND(AX$4>=$E7,AX$4<=$F7),IF($J7="TAK","◆",""),"") | AY7: =IF(AND(AY$4>=$E7,AY$4<=$F7),IF($J7="TAK","◆",""),"") | AZ7: =IF(AND(AZ$4>=$E7,AZ$4<=$F7),IF($J7="TAK","◆",""),"") | BA7: =IF(AND(BA$4>=$E7,BA$4<=$F7),IF($J7="TAK","◆",""),"") | ... BF7: =IF(AND(BF$4>=$E7,BF$4<=$F7),IF($J7="TAK","◆",""),"")
A8: 3 | B8: Projektowanie | C8: Projekt bazy danych MySQL | D8: Kamil Żero | E8: 46157 | F8: 46159 | G8: 3 | H8: Zakończone | I8: 1 | J8: TAK | K8: =IF(AND(K$4>=$E8,K$4<=$F8),IF($J8="TAK","◆",""),"") | L8: =IF(AND(L$4>=$E8,L$4<=$F8),IF($J8="TAK","◆",""),"") | M8: =IF(AND(M$4>=$E8,M$4<=$F8),IF($J8="TAK","◆",""),"") | N8: =IF(AND(N$4>=$E8,N$4<=$F8),IF($J8="TAK","◆",""),"") -> ◆ | O8: =IF(AND(O$4>=$E8,O$4<=$F8),IF($J8="TAK","◆",""),"") -> ◆ | P8: =IF(AND(P$4>=$E8,P$4<=$F8),IF($J8="TAK","◆",""),"") -> ◆ | Q8: =IF(AND(Q$4>=$E8,Q$4<=$F8),IF($J8="TAK","◆",""),"") | R8: =IF(AND(R$4>=$E8,R$4<=$F8),IF($J8="TAK","◆",""),"") | ... BF8: =IF(AND(BF$4>=$E8,BF$4<=$F8),IF($J8="TAK","◆",""),"")
A9: 4 | B9: Projektowanie | C9: Zebranie treści o jeziorach | D9: Kamil Żero | E9: 46157 | F9: 46161 | G9: 5 | H9: Zakończone | I9: 1 | K9: =IF(AND(K$4>=$E9,K$4<=$F9),IF($J9="TAK","◆",""),"") | L9: =IF(AND(L$4>=$E9,L$4<=$F9),IF($J9="TAK","◆",""),"") | M9: =IF(AND(M$4>=$E9,M$4<=$F9),IF($J9="TAK","◆",""),"") | N9: =IF(AND(N$4>=$E9,N$4<=$F9),IF($J9="TAK","◆",""),"") | O9: =IF(AND(O$4>=$E9,O$4<=$F9),IF($J9="TAK","◆",""),"") | P9: =IF(AND(P$4>=$E9,P$4<=$F9),IF($J9="TAK","◆",""),"") | Q9: =IF(AND(Q$4>=$E9,Q$4<=$F9),IF($J9="TAK","◆",""),"") | R9: =IF(AND(R$4>=$E9,R$4<=$F9),IF($J9="TAK","◆",""),"") | ... BF9: =IF(AND(BF$4>=$E9,BF$4<=$F9),IF($J9="TAK","◆",""),"")
A10: 5 | B10: Projektowanie | C10: Zebranie treści o rybach | D10: Kamil Żero | E10: 46159 | F10: 46162 | G10: 4 | H10: Zakończone | I10: 1 | K10: =IF(AND(K$4>=$E10,K$4<=$F10),IF($J10="TAK","◆",""),"") | L10: =IF(AND(L$4>=$E10,L$4<=$F10),IF($J10="TAK","◆",""),"") | M10: =IF(AND(M$4>=$E10,M$4<=$F10),IF($J10="TAK","◆",""),"") | N10: =IF(AND(N$4>=$E10,N$4<=$F10),IF($J10="TAK","◆",""),"") | O10: =IF(AND(O$4>=$E10,O$4<=$F10),IF($J10="TAK","◆",""),"") | P10: =IF(AND(P$4>=$E10,P$4<=$F10),IF($J10="TAK","◆",""),"") | Q10: =IF(AND(Q$4>=$E10,Q$4<=$F10),IF($J10="TAK","◆",""),"") | R10: =IF(AND(R$4>=$E10,R$4<=$F10),IF($J10="TAK","◆",""),"") | ... BF10: =IF(AND(BF$4>=$E10,BF$4<=$F10),IF($J10="TAK","◆",""),"")
A11: 6 | B11: Projektowanie | C11: Informacje o ochronie, opłatach i sklepach | D11: Kamil Żero | E11: 46161 | F11: 46165 | G11: 5 | H11: Zakończone | I11: 1 | K11: =IF(AND(K$4>=$E11,K$4<=$F11),IF($J11="TAK","◆",""),"") | L11: =IF(AND(L$4>=$E11,L$4<=$F11),IF($J11="TAK","◆",""),"") | M11: =IF(AND(M$4>=$E11,M$4<=$F11),IF($J11="TAK","◆",""),"") | N11: =IF(AND(N$4>=$E11,N$4<=$F11),IF($J11="TAK","◆",""),"") | O11: =IF(AND(O$4>=$E11,O$4<=$F11),IF($J11="TAK","◆",""),"") | P11: =IF(AND(P$4>=$E11,P$4<=$F11),IF($J11="TAK","◆",""),"") | Q11: =IF(AND(Q$4>=$E11,Q$4<=$F11),IF($J11="TAK","◆",""),"") | R11: =IF(AND(R$4>=$E11,R$4<=$F11),IF($J11="TAK","◆",""),"") | ... BF11: =IF(AND(BF$4>=$E11,BF$4<=$F11),IF($J11="TAK","◆",""),"")
A12: 7 | B12: Implementacja | C12: Implementacja struktury HTML | D12: Marek Palinowski | E12: 46162 | F12: 46164 | G12: 3 | H12: Zakończone | I12: 1 | K12: =IF(AND(K$4>=$E12,K$4<=$F12),IF($J12="TAK","◆",""),"") | L12: =IF(AND(L$4>=$E12,L$4<=$F12),IF($J12="TAK","◆",""),"") | M12: =IF(AND(M$4>=$E12,M$4<=$F12),IF($J12="TAK","◆",""),"") | N12: =IF(AND(N$4>=$E12,N$4<=$F12),IF($J12="TAK","◆",""),"") | O12: =IF(AND(O$4>=$E12,O$4<=$F12),IF($J12="TAK","◆",""),"") | P12: =IF(AND(P$4>=$E12,P$4<=$F12),IF($J12="TAK","◆",""),"") | Q12: =IF(AND(Q$4>=$E12,Q$4<=$F12),IF($J12="TAK","◆",""),"") | R12: =IF(AND(R$4>=$E12,R$4<=$F12),IF($J12="TAK","◆",""),"") | ... BF12: =IF(AND(BF$4>=$E12,BF$4<=$F12),IF($J12="TAK","◆",""),"")
A13: 8 | B13: Implementacja | C13: Opracowanie stylów CSS i responsywności | D13: Marek Palinowski | E13: 46163 | F13: 46167 | G13: 5 | H13: Zakończone | I13: 1 | K13: =IF(AND(K$4>=$E13,K$4<=$F13),IF($J13="TAK","◆",""),"") | L13: =IF(AND(L$4>=$E13,L$4<=$F13),IF($J13="TAK","◆",""),"") | M13: =IF(AND(M$4>=$E13,M$4<=$F13),IF($J13="TAK","◆",""),"") | N13: =IF(AND(N$4>=$E13,N$4<=$F13),IF($J13="TAK","◆",""),"") | O13: =IF(AND(O$4>=$E13,O$4<=$F13),IF($J13="TAK","◆",""),"") | P13: =IF(AND(P$4>=$E13,P$4<=$F13),IF($J13="TAK","◆",""),"") | Q13: =IF(AND(Q$4>=$E13,Q$4<=$F13),IF($J13="TAK","◆",""),"") | R13: =IF(AND(R$4>=$E13,R$4<=$F13),IF($J13="TAK","◆",""),"") | ... BF13: =IF(AND(BF$4>=$E13,BF$4<=$F13),IF($J13="TAK","◆",""),"")
A14: 9 | B14: Implementacja | C14: Implementacja JavaScript i WCAG | D14: Marek Palinowski | E14: 46166 | F14: 46169 | G14: 4 | H14: Zakończone | I14: 1 | K14: =IF(AND(K$4>=$E14,K$4<=$F14),IF($J14="TAK","◆",""),"") | L14: =IF(AND(L$4>=$E14,L$4<=$F14),IF($J14="TAK","◆",""),"") | M14: =IF(AND(M$4>=$E14,M$4<=$F14),IF($J14="TAK","◆",""),"") | N14: =IF(AND(N$4>=$E14,N$4<=$F14),IF($J14="TAK","◆",""),"") | O14: =IF(AND(O$4>=$E14,O$4<=$F14),IF($J14="TAK","◆",""),"") | P14: =IF(AND(P$4>=$E14,P$4<=$F14),IF($J14="TAK","◆",""),"") | Q14: =IF(AND(Q$4>=$E14,Q$4<=$F14),IF($J14="TAK","◆",""),"") | R14: =IF(AND(R$4>=$E14,R$4<=$F14),IF($J14="TAK","◆",""),"") | ... BF14: =IF(AND(BF$4>=$E14,BF$4<=$F14),IF($J14="TAK","◆",""),"")
A15: 10 | B15: Implementacja | C15: Implementacja PHP i integracja MySQL | D15: Marek Najbuk | E15: 46167 | F15: 46174 | G15: 8 | H15: Zakończone | I15: 1 | K15: =IF(AND(K$4>=$E15,K$4<=$F15),IF($J15="TAK","◆",""),"") | L15: =IF(AND(L$4>=$E15,L$4<=$F15),IF($J15="TAK","◆",""),"") | M15: =IF(AND(M$4>=$E15,M$4<=$F15),IF($J15="TAK","◆",""),"") | N15: =IF(AND(N$4>=$E15,N$4<=$F15),IF($J15="TAK","◆",""),"") | O15: =IF(AND(O$4>=$E15,O$4<=$F15),IF($J15="TAK","◆",""),"") | P15: =IF(AND(P$4>=$E15,P$4<=$F15),IF($J15="TAK","◆",""),"") | Q15: =IF(AND(Q$4>=$E15,Q$4<=$F15),IF($J15="TAK","◆",""),"") | R15: =IF(AND(R$4>=$E15,R$4<=$F15),IF($J15="TAK","◆",""),"") | ... BF15: =IF(AND(BF$4>=$E15,BF$4<=$F15),IF($J15="TAK","◆",""),"")
A16: 11 | B16: Implementacja | C16: Panel administratora: dodawanie, edycja, usuwanie | D16: Kamil Żero | E16: 46172 | F16: 46176 | G16: 5 | H16: Zakończone | I16: 1 | J16: TAK | K16: =IF(AND(K$4>=$E16,K$4<=$F16),IF($J16="TAK","◆",""),"") | L16: =IF(AND(L$4>=$E16,L$4<=$F16),IF($J16="TAK","◆",""),"") | M16: =IF(AND(M$4>=$E16,M$4<=$F16),IF($J16="TAK","◆",""),"") | N16: =IF(AND(N$4>=$E16,N$4<=$F16),IF($J16="TAK","◆",""),"") | O16: =IF(AND(O$4>=$E16,O$4<=$F16),IF($J16="TAK","◆",""),"") | P16: =IF(AND(P$4>=$E16,P$4<=$F16),IF($J16="TAK","◆",""),"") | Q16: =IF(AND(Q$4>=$E16,Q$4<=$F16),IF($J16="TAK","◆",""),"") | R16: =IF(AND(R$4>=$E16,R$4<=$F16),IF($J16="TAK","◆",""),"") | ... BF16: =IF(AND(BF$4>=$E16,BF$4<=$F16),IF($J16="TAK","◆",""),"")
A17: 12 | B17: Implementacja | C17: Formularz kontaktowy i obsługa wiadomości | D17: Kamil Żero | E17: 46175 | F17: 46177 | G17: 3 | H17: Zakończone | I17: 1 | K17: =IF(AND(K$4>=$E17,K$4<=$F17),IF($J17="TAK","◆",""),"") | L17: =IF(AND(L$4>=$E17,L$4<=$F17),IF($J17="TAK","◆",""),"") | M17: =IF(AND(M$4>=$E17,M$4<=$F17),IF($J17="TAK","◆",""),"") | N17: =IF(AND(N$4>=$E17,N$4<=$F17),IF($J17="TAK","◆",""),"") | O17: =IF(AND(O$4>=$E17,O$4<=$F17),IF($J17="TAK","◆",""),"") | P17: =IF(AND(P$4>=$E17,P$4<=$F17),IF($J17="TAK","◆",""),"") | Q17: =IF(AND(Q$4>=$E17,Q$4<=$F17),IF($J17="TAK","◆",""),"") | R17: =IF(AND(R$4>=$E17,R$4<=$F17),IF($J17="TAK","◆",""),"") | ... BF17: =IF(AND(BF$4>=$E17,BF$4<=$F17),IF($J17="TAK","◆",""),"")
A18: 13 | B18: Testy | C18: Testy funkcjonalne aplikacji | D18: Marek Palinowski | E18: 46178 | F18: 46181 | G18: 4 | H18: Zakończone | I18: 1 | K18: =IF(AND(K$4>=$E18,K$4<=$F18),IF($J18="TAK","◆",""),"") | L18: =IF(AND(L$4>=$E18,L$4<=$F18),IF($J18="TAK","◆",""),"") | M18: =IF(AND(M$4>=$E18,M$4<=$F18),IF($J18="TAK","◆",""),"") | N18: =IF(AND(N$4>=$E18,N$4<=$F18),IF($J18="TAK","◆",""),"") | O18: =IF(AND(O$4>=$E18,O$4<=$F18),IF($J18="TAK","◆",""),"") | P18: =IF(AND(P$4>=$E18,P$4<=$F18),IF($J18="TAK","◆",""),"") | Q18: =IF(AND(Q$4>=$E18,Q$4<=$F18),IF($J18="TAK","◆",""),"") | R18: =IF(AND(R$4>=$E18,R$4<=$F18),IF($J18="TAK","◆",""),"") | ... BF18: =IF(AND(BF$4>=$E18,BF$4<=$F18),IF($J18="TAK","◆",""),"")
A19: 14 | B19: Testy | C19: Poprawki po testach i ujednolicenie wyglądu | D19: Cały zespół | E19: 46181 | F19: 46184 | G19: 4 | H19: Zakończone | I19: 1 | K19: =IF(AND(K$4>=$E19,K$4<=$F19),IF($J19="TAK","◆",""),"") | L19: =IF(AND(L$4>=$E19,L$4<=$F19),IF($J19="TAK","◆",""),"") | M19: =IF(AND(M$4>=$E19,M$4<=$F19),IF($J19="TAK","◆",""),"") | N19: =IF(AND(N$4>=$E19,N$4<=$F19),IF($J19="TAK","◆",""),"") | O19: =IF(AND(O$4>=$E19,O$4<=$F19),IF($J19="TAK","◆",""),"") | P19: =IF(AND(P$4>=$E19,P$4<=$F19),IF($J19="TAK","◆",""),"") | Q19: =IF(AND(Q$4>=$E19,Q$4<=$F19),IF($J19="TAK","◆",""),"") | R19: =IF(AND(R$4>=$E19,R$4<=$F19),IF($J19="TAK","◆",""),"") | ... BF19: =IF(AND(BF$4>=$E19,BF$4<=$F19),IF($J19="TAK","◆",""),"")
A20: 15 | B20: Wdrożenie | C20: Eksport bazy z XAMPP do database.sql | D20: Marek Najbuk | E20: 46185 | F20: 46186 | G20: 2 | H20: Zakończone | I20: 1 | K20: =IF(AND(K$4>=$E20,K$4<=$F20),IF($J20="TAK","◆",""),"") | L20: =IF(AND(L$4>=$E20,L$4<=$F20),IF($J20="TAK","◆",""),"") | M20: =IF(AND(M$4>=$E20,M$4<=$F20),IF($J20="TAK","◆",""),"") | N20: =IF(AND(N$4>=$E20,N$4<=$F20),IF($J20="TAK","◆",""),"") | O20: =IF(AND(O$4>=$E20,O$4<=$F20),IF($J20="TAK","◆",""),"") | P20: =IF(AND(P$4>=$E20,P$4<=$F20),IF($J20="TAK","◆",""),"") | Q20: =IF(AND(Q$4>=$E20,Q$4<=$F20),IF($J20="TAK","◆",""),"") | R20: =IF(AND(R$4>=$E20,R$4<=$F20),IF($J20="TAK","◆",""),"") | ... BF20: =IF(AND(BF$4>=$E20,BF$4<=$F20),IF($J20="TAK","◆",""),"")
A21: 16 | B21: Wdrożenie | C21: Migracja projektu na Raspberry Pi 3B+ | D21: Marek Najbuk | E21: 46187 | F21: 46189 | G21: 3 | H21: Zakończone | I21: 1 | K21: =IF(AND(K$4>=$E21,K$4<=$F21),IF($J21="TAK","◆",""),"") | L21: =IF(AND(L$4>=$E21,L$4<=$F21),IF($J21="TAK","◆",""),"") | M21: =IF(AND(M$4>=$E21,M$4<=$F21),IF($J21="TAK","◆",""),"") | N21: =IF(AND(N$4>=$E21,N$4<=$F21),IF($J21="TAK","◆",""),"") | O21: =IF(AND(O$4>=$E21,O$4<=$F21),IF($J21="TAK","◆",""),"") | P21: =IF(AND(P$4>=$E21,P$4<=$F21),IF($J21="TAK","◆",""),"") | Q21: =IF(AND(Q$4>=$E21,Q$4<=$F21),IF($J21="TAK","◆",""),"") | R21: =IF(AND(R$4>=$E21,R$4<=$F21),IF($J21="TAK","◆",""),"") | ... BF21: =IF(AND(BF$4>=$E21,BF$4<=$F21),IF($J21="TAK","◆",""),"")
A22: 17 | B22: Wdrożenie | C22: Dockerfile i docker-compose.yml | D22: Marek Najbuk | E22: 46189 | F22: 46191 | G22: 3 | H22: Zakończone | I22: 1 | J22: TAK | K22: =IF(AND(K$4>=$E22,K$4<=$F22),IF($J22="TAK","◆",""),"") | L22: =IF(AND(L$4>=$E22,L$4<=$F22),IF($J22="TAK","◆",""),"") | M22: =IF(AND(M$4>=$E22,M$4<=$F22),IF($J22="TAK","◆",""),"") | N22: =IF(AND(N$4>=$E22,N$4<=$F22),IF($J22="TAK","◆",""),"") | O22: =IF(AND(O$4>=$E22,O$4<=$F22),IF($J22="TAK","◆",""),"") | P22: =IF(AND(P$4>=$E22,P$4<=$F22),IF($J22="TAK","◆",""),"") | Q22: =IF(AND(Q$4>=$E22,Q$4<=$F22),IF($J22="TAK","◆",""),"") | R22: =IF(AND(R$4>=$E22,R$4<=$F22),IF($J22="TAK","◆",""),"") | ... BF22: =IF(AND(BF$4>=$E22,BF$4<=$F22),IF($J22="TAK","◆",""),"")
A23: 18 | B23: Wdrożenie | C23: Uruchomienie aplikacji w Dockerze | D23: Marek Najbuk | E23: 46192 | F23: 46193 | G23: 2 | H23: Zakończone | I23: 1 | K23: =IF(AND(K$4>=$E23,K$4<=$F23),IF($J23="TAK","◆",""),"") | L23: =IF(AND(L$4>=$E23,L$4<=$F23),IF($J23="TAK","◆",""),"") | M23: =IF(AND(M$4>=$E23,M$4<=$F23),IF($J23="TAK","◆",""),"") | N23: =IF(AND(N$4>=$E23,N$4<=$F23),IF($J23="TAK","◆",""),"") | O23: =IF(AND(O$4>=$E23,O$4<=$F23),IF($J23="TAK","◆",""),"") | P23: =IF(AND(P$4>=$E23,P$4<=$F23),IF($J23="TAK","◆",""),"") | Q23: =IF(AND(Q$4>=$E23,Q$4<=$F23),IF($J23="TAK","◆",""),"") | R23: =IF(AND(R$4>=$E23,R$4<=$F23),IF($J23="TAK","◆",""),"") | ... BF23: =IF(AND(BF$4>=$E23,BF$4<=$F23),IF($J23="TAK","◆",""),"")
A24: 19 | B24: Dokumentacja | C24: Dokumentacja techniczna projektu | D24: Marek Palinowski | E24: 46194 | F24: 46197 | G24: 4 | H24: W trakcie | I24: 0.75 | K24: =IF(AND(K$4>=$E24,K$4<=$F24),IF($J24="TAK","◆",""),"") | L24: =IF(AND(L$4>=$E24,L$4<=$F24),IF($J24="TAK","◆",""),"") | M24: =IF(AND(M$4>=$E24,M$4<=$F24),IF($J24="TAK","◆",""),"") | N24: =IF(AND(N$4>=$E24,N$4<=$F24),IF($J24="TAK","◆",""),"") | O24: =IF(AND(O$4>=$E24,O$4<=$F24),IF($J24="TAK","◆",""),"") | P24: =IF(AND(P$4>=$E24,P$4<=$F24),IF($J24="TAK","◆",""),"") | Q24: =IF(AND(Q$4>=$E24,Q$4<=$F24),IF($J24="TAK","◆",""),"") | R24: =IF(AND(R$4>=$E24,R$4<=$F24),IF($J24="TAK","◆",""),"") | ... BF24: =IF(AND(BF$4>=$E24,BF$4<=$F24),IF($J24="TAK","◆",""),"")
A25: 20 | B25: Dokumentacja | C25: Harmonogram Gantta i materiały do zaliczenia | D25: Cały zespół | E25: 46197 | F25: 46199 | G25: 3 | H25: W trakcie | I25: 0.6 | K25: =IF(AND(K$4>=$E25,K$4<=$F25),IF($J25="TAK","◆",""),"") | L25: =IF(AND(L$4>=$E25,L$4<=$F25),IF($J25="TAK","◆",""),"") | M25: =IF(AND(M$4>=$E25,M$4<=$F25),IF($J25="TAK","◆",""),"") | N25: =IF(AND(N$4>=$E25,N$4<=$F25),IF($J25="TAK","◆",""),"") | O25: =IF(AND(O$4>=$E25,O$4<=$F25),IF($J25="TAK","◆",""),"") | P25: =IF(AND(P$4>=$E25,P$4<=$F25),IF($J25="TAK","◆",""),"") | Q25: =IF(AND(Q$4>=$E25,Q$4<=$F25),IF($J25="TAK","◆",""),"") | R25: =IF(AND(R$4>=$E25,R$4<=$F25),IF($J25="TAK","◆",""),"") | ... BF25: =IF(AND(BF$4>=$E25,BF$4<=$F25),IF($J25="TAK","◆",""),"")
A26: 21 | B26: Dokumentacja | C26: Przegląd końcowy i przygotowanie prezentacji | D26: Cały zespół | E26: 46200 | F26: 46201 | G26: 2 | H26: Planowane | I26: 0 | J26: TAK | K26: =IF(AND(K$4>=$E26,K$4<=$F26),IF($J26="TAK","◆",""),"") | L26: =IF(AND(L$4>=$E26,L$4<=$F26),IF($J26="TAK","◆",""),"") | M26: =IF(AND(M$4>=$E26,M$4<=$F26),IF($J26="TAK","◆",""),"") | N26: =IF(AND(N$4>=$E26,N$4<=$F26),IF($J26="TAK","◆",""),"") | O26: =IF(AND(O$4>=$E26,O$4<=$F26),IF($J26="TAK","◆",""),"") | P26: =IF(AND(P$4>=$E26,P$4<=$F26),IF($J26="TAK","◆",""),"") | Q26: =IF(AND(Q$4>=$E26,Q$4<=$F26),IF($J26="TAK","◆",""),"") | R26: =IF(AND(R$4>=$E26,R$4<=$F26),IF($J26="TAK","◆",""),"") | ... BF26: =IF(AND(BF$4>=$E26,BF$4<=$F26),IF($J26="TAK","◆",""),"") -> ◆
B29: Legenda kolorów etapów
B30: Analiza
B31: Projektowanie
B32: Implementacja
B33: Testy

Sheet Zespół
A1: Zespół projektowy
A3: Członek zespołu | B3: Zakres odpowiedzialności
A4: Kamil Żero | B4: Treści dotyczące jezior, ryb, okresów ochronnych oraz informacji regionalnych.
A5: Marek Najbuk | B5: Koordynacja projektu, projekt bazy danych, PHP, Docker, wdrożenie na Raspberry Pi i dokumentacja.
A6: Marek Palinowski | B6: Implementacja HTML, CSS, JavaScript, interfejs użytkownika oraz testowanie aplikacji.
A8: Wskaźnik | B8: Wartość
A9: Liczba zadań | B9: =COUNTA(Gantt!A6:A26) -> 21
A10: Zadania zakończone | B10: =COUNTIF(Gantt!H6:H26,"Zakończone") -> 18
A11: Zadania w trakcie | B11: =COUNTIF(Gantt!H6:H26,"W trakcie") -> 2
A12: Zadania planowane | B12: =COUNTIF(Gantt!H6:H26,"Planowane") -> 1
A13: Kamienie milowe | B13: =COUNTIF(Gantt!J9:J27,"Tak") -> 3
A14: Średni postęp | B14: =AVERAGE(Gantt!I6:I26) -> 0.92142857
A15: Data startu projektu | B15: =MIN(Gantt!E6:E26) -> 46154
A16: Data zakończenia projektu | B16: =MAX(Gantt!F6:F26) -> 46201
A18: Osoba | B18: Liczba zadań
A19: Kamil Żero | B19: =COUNTIF(Gantt!D6:D26,"Kamil Żero") -> 6
A20: Marek Najbuk | B20: =COUNTIF(Gantt!D6:D26,"Marek Najbuk") -> 5
A21: Marek Palinowski | B21: =COUNTIF(Gantt!D6:D26,"Marek Palinowski") -> 5
A22: Cały zespół | B22: =COUNTIF(Gantt!D6:D26,"Cały zespół") -> 5

Sheet Ryzyka
A1: Ryzyko | B1: Prawdopodobieństwo | C1: Wpływ | D1: Sposób ograniczenia | E1: Plan reakcji
A2: Brak dostępności członka zespołu | B2: Średnie | C2: Średni | D2: Podział zadań i wspólne repozytorium | E2: Przeniesienie zadań na pozostałych członków
A3: Błędy integracji PHP z bazą danych | B3: Średnie | C3: Wysoki | D3: Testy połączenia i przygotowanie kopii db.php | E3: Analiza logów i poprawa konfiguracji
A4: Problem z uruchomieniem na Raspberry Pi | B4: Średnie | C4: Wysoki | D4: Wdrożenie przez Docker i kopia projektu | E4: Odtworzenie kontenerów z docker-compose.yml
A5: Zajęty port 80 przez inną aplikację | B5: Wysokie | C5: Średni | D5: Sprawdzenie docker ps i ss -tulpn | E5: Zmiana mapowania portów lub reverse proxy
A6: Utrata danych bazy | B6: Niskie | C6: Wysoki | D6: Wolumen Docker db_data i eksport SQL | E6: Odtworzenie bazy z backupu SQL

Sheet Instrukcja
A1: Instrukcja korzystania z arkusza
A2: 1. Arkusz Gantt zawiera zadania, osoby odpowiedzialne, daty i paski harmonogramu.
A3: 2. Paski są kolorowane automatycznie na podstawie dat Start/Koniec i etapu.
A4: 3. Kamienie milowe oznaczono symbolem ◆.
A5: 4. Kolumny Start, Koniec, Status i % realizacji można edytować.
A6: 5. Arkusz Ryzyka zawiera przykładowe ryzyka zgodne z zarządzaniem projektem.
